Name,Website,Domain,About,Year Founded,Location
Berggruen Institute,http://www.berggruen.org/,,"Since its founding, the Berggruen Institute has forged new conceptual frameworks to meet the challenges and harness the opportunities of the arriving future. As an independent think and action tank, we have the autonomy to step outside the usual lanes, reaching beyond academic disciplines to bridge social divides, partisan dispositions, and cultural boundaries.",2010,"Los Angeles, California"
Design It For Us,https://designitforus.org/,,"Design It For Us is a youth-led coalition of young people, activists, and leaders that aims to achieve policy reforms to protect kids, teens, and young adults online. The coalition is led by two Co-Chairs and a team of Organizing Directors between the ages of 18 and 26. The coalition is also supported by an array of youth-led organizations and advisors.",2023,"New York, New York"
Common Goal,https://www.common-goal.org/,,"Common Goal is a global impact movement that uses football to leverage the power of the collective towards achieving the Global Goals. The movement uses 1% as a symbol to enable, inspire and mobilise every stakeholder from the global football community to play a meaningful role in support of our people and planet. It provides a simple and impactful mechanic to pledge collectively to high-impact initiatives that accelerate progress towards achieving the UN SDGs. In doing so, Common Goal aims to e",2017,"Berlin, Germany"
Consumer Reports,https://www.consumerreports.org/cro/index.htm,,"Consumer Reports is an independent, nonprofit member organization that works side by side with consumers for truth, transparency, and fairness in the marketplace.",1936,"New York, New York"
Center for Countering Digital Hate,https://counterhate.com/,,"The Center for Countering Digital Hate works to stop the spread of online hate and disinformation through innovative research, public campaigns and policy advocacy.",2019,"Washington, D.C."
Center for Youth and AI,https://youth-ai.org/,,"We founded the Center for Youth and AI because we’re afraid to sleepwalk into another tech-related disaster. The risk is simple: society is unprepared for AI systems that’ll transform our education, careers and lives. We want to change that. We aim to become the leading research organization to discover and amplify youth voices on AI, and to educate and prepare young people for the opportunities and challenges ahead.",2024,"New York, New York"
Encode,https://encodeai.org/,,"Founded in July 2020, we are an international youth movement collectively working to reimagine the future of AI through policy, advocacy, and public awareness efforts. Encode Justice is powered by nearly 1,000 high school and college students from every inhabited continent. We acknowledge that without swift action, AI will continue to pose profound and large-scale risks to our society, economy, and democracy, including algorithmic bias, labor displacement, disinformation, institutional destabili",,Virtual
Citizen University,https://citizenuniversity.us/,,"Citizen University is building a culture of powerful, responsible citizenship across the country. They spread the belief that a strong democracy depends on strong citizens — that we all have the power to make change in civic life and the responsibility to try. They design gatherings, rituals, and workshops that focus on civic power and civic character as the building blocks of powerful citizenship. They then train and activate civic catalysts nationwide to bring the beliefs and practices of powe",2016,"Seattle, Washington"
"Center for Economic Research on Governance, Inequality and Conflict",https://www.cergic-lyon.fr/,,"We are a research unit in economics with strong in interests in the implications of the digital revolution on governance, citizenship, and societal interactions (political processes, social networks, and individual rights...)",2023,"Lyon, France"
Eticas AI,https://eticas.ai/,,"Eticas.ai is an organization with a mission to protect people and the environment in technology processes, while also ensuring that all people have the right to benefit from technological advances without fear of discrimination or unfair treatment.  We work to translate the principles that guide our societies (fairness, transparency, or non-discrimination) into technical specifications, and to strike a balance between evolving social values, technical possibilities and legal frameworks.",2012,"New York, New York"
DPLA,https://dp.la/,,"The Digital Public Library of America empowers people to learn, grow, and contribute to a diverse and better-functioning society by maximizing access to our shared history, culture, and knowledge. The Digital Public Library of America amplifies the value of libraries and cultural organizations as Americans’ most trusted sources of shared knowledge. We do this by collaborating with partners to accelerate innovative tools and ideas that empower and equip libraries to make information more accessi",2013,"Boston, Massachusetts"
Fast Forward,https://www.ffwd.org/,,"Fast Forward brings the tech and nonprofit communities together to deploy technology to solve humanity's biggest challenges. Through its annual Startup Accelerator, Fast Forward equips a cohort of tech nonprofit startups with seed funding, mentorship, and community. Its portfolio includes nearly 90 tech nonprofits across every issue area, which have impacted 186M lives and raised $753M in follow-on funding. Its ‘AI for Humanity’ initiative further extends its mission by supporting AI-powered non",2014,"San Francisco, California"
"Centre for Media, Technology, and Democracy",https://www.mediatechdemocracy.com/,,"The Centre for Media, Technology and Democracy (CMTD) is an interdisciplinary research centre at McGill University dedicated to understanding and strengthening the relationship between media, technology, and democracy. In an era where digital platforms have transformed how we communicate, organize, and govern, the Centre addresses both the opportunities and challenges these technologies present to democratic societies.",2019,"Montreal, Quebec, Canada"
Consumers International,https://www.consumersinternational.org/,,"Consumers International is the membership organisation for consumer groups around the world. We bring together over 200 organisations in more than 100 countries to empower and champion the rights of consumers everywhere. We are their voice in international policy-making forums and the global marketplace to ensure they are treated safely, fairly and honestly. We work in partnership and exercise our influence with integrity, tenacity and passion to deliver tangible results.",1960,"London, United Kingdom"
Ethereum Name Service,https://ens.domains/,,"ENS is a decentralized naming system that translates complex cryptocurrency addresses into human-readable names, such as ""nick.eth."" ENS enhances user experience by simplifying transactions, reducing errors, and providing a consistent identity across decentralized applications and platforms.",2017,"Singapore, Singapore"
FreeOurFeeds,https://freeourfeeds.com/,,FreeOurFeeds is a campaign to establish independent governance over social media infrastructure.,2025,"Washington, D.C."
Centre for Data Futures,https://www.kcl.ac.uk/research/centre-for-data-futures,,"The Centre for Data Futures at King's College London is the first-ever dedicated academic centre of expertise to focus on designing and studying the effect of participatory infrastructure over the life cycle of data-reliant tools: from the point of data generation, through data empowerment structures, all the way to interface design that incentivises long-term, collective participation.",2024,"London, United Kingdom"
Future Caucus,https://futurecaucus.org/,,"Future Caucus is a bipartisan organization for Gen Z and millennial lawmakers, bridging the partisan divide to lead collaborative governance and transform American politics.",2013,"Washington, D.C."
Website,https://futurecaucus.org/,,"Future Caucus is a bipartisan organization for Gen Z and millennial lawmakers, bridging the partisan divide to lead collaborative governance and transform American politics.",2013,"Washington, D.C."
Collective Intelligence Project,http://www.cip.org/,,"CIP is building democratic AI that works for everyone. We collaborate directly with AI labs, non-profits, and governments to develop and deploy systems that allow people around the world to steer the trajectory of AI.",2023,"San Francisco, California"
Children and Screens: Institute of Digital Media and Child Development,http://www.childrenandscreens.org/,,"Children and Screens: Institute of Digital Media and Child Development is dedicated to understanding and addressing compelling questions regarding media’s impact on child development through interdisciplinary dialogue, public information, and rigorous, objective scientific research bridging the medical, neuroscientific, social science, education, and academic communities.",2013,"Jericho, New York"
Cyber Collective,http://www.cybercollective.org/,,"Cyber Collective blends culture, creativity, and research to teach digital safety in ways people actually understand. We run workshops, create accessible curricula, train community leaders, and develop tools like Internet Street Smarts to help marginalized communities, youth, and creatives build digital confidence, recognize online risks, and protect themselves and their communities.",2019,"New York, New York"
ex/ante,https://www.buildexante.com/,,"ex/ante is an early-stage venture fund investing in technology that advances human agency and user control over privacy, data, assets, and information. The fund invests in pre-seed and seed-stage companies spanning data infrastructure, cybersecurity, AI/ML, decentralization & web3, and information integrity.",2022,"Brooklyn, New York"
Ashoka,https://www.ashoka.org/en-us,,"Ashoka is the world’s largest network of social entrepreneurs. The organization pioneered the field of social entrepreneurship forty years ago and has supported to date almost four thousand Ashoka Fellows across the globe with stipends, catalytic connections, strategic advice, and an unmatched peer community that is for life. Drawing insights from its network, Ashoka identifies and open-sources the underlying patterns of transformative change and has introduced and mainstreamed such words as “so",1982,"Arlington, Virginia"
Common Sense Media Inc,https://www.commonsensemedia.org/,,"Since 2003, Common Sense has been the leading source of entertainment and technology recommendations for families and schools. Every day, millions of parents and educators trust Common Sense reviews and advice to help them navigate the digital world with their kids. Together with policymakers, industry leaders, and global media partners, we're building a digital world that works better for all kids, their families, and their communities.",2003,"San Francisco, California"
Decentralization Research Center,http://www.thedrcenter.org/,,"The Decentralization Research Center (DRC) is a 501(c)(4) social welfare non-profit that advocates for decentralization as a fundamental characteristic of emerging technologies. This includes the development of blockchain protocols and applications that are immutable, censorship resistant, transparent, secure, and enable data self-sovereignty. We find ourselves at a unique moment in history. Recent developments in technologies like blockchain, artificial intelligence, and quantum computing have",,"Arlington, Virginia"
Future of Life Institute,https://futureoflife.org/,,Steering transformative technology towards benefiting life and away from extreme large-scale risks. We believe that the way powerful technology is developed and used will be the most important factor in determining the prospects for the future of life. This is why we have made it our mission to ensure that technology continues to improve those prospects.,2014,"Cambridge, Massachusetts"
Centri Tech Foundation,https://www.centritechfdn.org/,,"The Centri Tech Foundation (CTF) partners with local organizations to tackle community challenges using technology-driven solutions. We focus on creating sustainable improvements in economy, health, and education. By collaborating with diverse stakeholders, we develop strategies that yield long-term benefits. CTF is dedicated to building an inclusive economy, especially for low-income and historically excluded communities. Our mission is to provide access to technology, empowering these communit",2020,"Washington, D.C."
Beyond the Screen,https://www.beyondthescreen.org/,,"Beyond the Screen is a coalition of technologists, designers, and thinkers fighting against online harms, led by the Facebook whistle-blower Frances Haugen. Social networks like Facebook, Instagram, YouTube and TikTok have shown us that they can’t be trusted to do what’s right for society. We’re building a coalition to fight back, by raising awareness of the online harms that social networks are causing, and creating new capacity in technology, research and litigation. Raise Awareness Big tec",2022,Virtual
For Freedoms,https://forfreedoms.org/,,"For Freedoms believes citizenship is defined by participation, not by ideology. Through anti-partisan nationwide programming, they use art as a vehicle for participation to deepen public discussions on civic issues and core values. For Freedoms is a hub for artists, arts institutions, and citizens who want to be more engaged in public life.",2016,"New York, New York"
CyberPeace Institute,https://cyberpeaceinstitute.org/,,"Cyberattacks directly affect people. From hospitals to humanitarian NGOs, threat actors target the organizations playing an essential role in supporting those most in need. We are an NGO, supporting NGOs and other critical sectors, offering free cybersecurity assistance, threat detection and analysis whilst advocating for safety and security in cyberspace. Our commitment to assist and protect vulnerable communities determines the focus of the activities of the Institute.",2019,"Genève, Switzerland"
Creative Commons,https://creativecommons.org/,,"Creative Commons (CC) is an international nonprofit organization dedicated to helping build and sustain a thriving commons of shared knowledge and culture. With our community, we build capacity, we develop practical solutions, and we advocate for better open sharing of knowledge and culture. CC’s long focus on open sharing has evolved into a focus on better sharing: We must pursue a commons of knowledge and culture that is inclusive, just, and which inspires reciprocity — a commons that truly se",2001,"Mountain View, California"
BlockchainGov,https://blockchaingov.eu/,,"BlockchainGov is a transdisciplinary research effort aimed at restoring trust in institutions at the community, institutional and global levels, by promoting better on-chain and off-chain distributed governance practices. Our research explores how public/permissionless or private/permissioned blockchains can serve as a “regulatory technology”, providing technological guarantees to achieve specific regulatory or policy objectives.",,"Paris, France"
Foundation for American Innovation,https://thefai.org/,,"The mission of the Foundation for American Innovation is to develop technology, talent, and ideas that support a better, freer, and more abundant future. Ours is a politics of builders, hackers, and founders working to advance a more perfect union between technology and the American republic.",2014,"San Francisco, California"
Aspen Institute,https://www.aspeninstitute.org/,,"The Aspen Institute is a global nonprofit organization committed to realizing a free, just, and equitable society. Founded in 1949, the Institute drives change through dialogue, leadership, and action to help solve the most important challenges facing the United States and the world.",1949,"Washington, D.C."
American Journalism Project,https://www.theajp.org/,,"The American Journalism Project is a venture philanthropy dedicated to local news. They believe local journalism is a public good and are reimagining its future by building a model to finance and sustain the local news our democracy requires. They make grants to local nonprofit news organizations to build their revenue and business operations, partner with communities to launch new organizations, and mentor leaders as they grow and sustain their newsrooms.",2019,"Washington, D.C."
Freespoke,https://freespoke.com/,,"Freespoke is working to make positive change in the world as a search engine competitor to the ‘Google-model'. Our mission is to change the model to ensure advancements in technology are advancing human flourishing. We're doing this in two major ways: First, in Freespoke you get full privacy so your results aren’t tied to a personal data profile about you. In Freespoke, you own your data. As a part of this solution, you see all viewpoints in your search results. This keeps you from being trappe",2019,"Chicago, Illinois"
Fairplay,https://fairplayforkids.org/,,"We’re a truly independent voice standing up for what kids and families really need. Together, we’ll create a world where kids can be kids, free from the false promises of marketers and the manipulations of Big Tech. action network (jean rodgers) - grassroots arm, different working grps incl. cyberbullying and online harms. 2023 - becoming 501c3 this summer, doing strategizing around what's possible in congress (state legislation, rule making around the FTC), part of issue one council on responsi",2000,"Boston, Massachusetts"
Civics Unplugged,https://www.civicsunplugged.org/,,We create young civic innovators who build a brighter future.,2019,"New York, New York"
DWeb,https://getdweb.net/,,"DWeb connects the people, projects and protocols essential to building a decentralized web. A web that is more private, reliable, secure and open. A web with many winners—returning to the original vision of the World Wide Web and internet. Since 2016 we have been a bridge enabling diverse communities to freely exchange ideas about the technologies, values, markets and agreements we need to move forward.",,"California, United States of America"
Becca Schmill Foundation,http://www.beccaschmillfdn.org/,,"The Becca Schmill Foundation funds research, sponsors community education, and advocates for policies, that protect the emotional well-being of adolescents and young adults.",2021,"Needham, Massachusetts"
Civic Health Project,https://civichealthproject.org/,,"Civic Health Project is deploying massively scalable solutions to America’s dangerous divisions so that our relationships, communities, and country can thrive. We advance pioneering approaches with massive potential to scale, mobilizing resources across the domains of technology, entertainment, movement building, and research.",,"Palo Alto, California"
Georgetown University,https://www.georgetown.edu/,,"Established in 1789 by Archbishop John Carroll, Georgetown is the oldest Catholic and Jesuit university in the United States. Located in Washington DC, Doha, Qatar, and around the world, Georgetown University is a leading academic and research institution, offering a unique educational experience that prepares the next generation of global citizens to lead and make a difference in the world.",1789,"Washington, D.C."
Common Era,http://commonera.org/,,"Common Era is an R&D platform working to make sure that the Jewish experience continually evolves to meet the present moment, today and in the future. Through our explorations and our collaborations with creators, builders, subcultures, and social movements, we're imagining and funding initiatives and experiences that offer the world a more expansive Jewish reality for new audiences. We will ensure that Jewish education and life is an ongoing movement, designed for today and the future, empower",,"New Orleans, Louisiana"
Artificiality Institute,https://artificialityinstitute.org/,,"The Artificiality Institute is a nonprofit research organization shaping the human experience in a world of synthetic intelligence—so our future with AI is more meaningful, not just more efficient. Through story-based research, immersive education, and cultural dialogue, we capture how identities blend, cognition extends beyond biology, and meaningful symbiosis with synthetic minds becomes reality. We don’t just study AI—we shape how it reshapes us.",2019,"Bend, Oregon"
Check My Ads,http://www.checkmyads.org/,,"The digital ad industry has taken away our fundamental right to make independent, informed choices for ourselves. Our team works closely with consumers, brands, and regulators to defend your freedom from the industry’s most shameful, irresponsible practices.",2021,United States of America
American Security Foundation,http://www.americansecurityfund.com/american-security-foundation,,"ASFoundation works to ensure AI is understandable, controllable, responsible, ethical, and human-centered - and insists the best way to achieve these goals is for America and its allies to lead the tech revolution. It focuses on conducting original research and analysis; supporting external research and analysis; and engaging academics, ethicists, and faith communities, both to educate them about AI and to involve them in AI development and regulation.",2024,United States of America
Atlas Computing,https://atlascomputing.org/,,"​Atlas Computing is a nonprofit advancing a new paradigm for scaling human review of AI. We're focused on a new paradigm where people specify objective criteria that they want from AI outputs, and the AI systems prove that the solutions indeed have those properties. Our two goals are generally raising awareness of specification-based AI and driving technical progress in a few specific domains, starting with dramatically lowering the cost of formally verifying software.",2023,"Palo Alto, California"
Centre for International Governance Innovation,https://cigionline.org/,,"The Centre for International Governance Innovation (CIGI) is an independent, non-partisan think tank whose peer-reviewed research, foresight and trusted analysis influence policy makers to innovate. With the engagement of a global network of experts and contributors, CIGI tackles the governance challenges and opportunities of data and transformative technologies, including AI, and their impact on the economy, security, democracy and, ultimately, societies.",2001,"Waterloo, Canada"
All Tech Is Human,https://atih.responsibletechguide.com/about,,"All Tech Is Human is a non-profit that unites a diverse range of stakeholders to expand the overall Responsible Tech ecosystem and co-create a better tech future. Our range of activities include a large community Slack group, regular online and in-person gatherings, a mentorship program, working groups that develop impactful community reports, a Responsible Tech Job Board, events calendar, and a university ambassadors program. The three key areas we focus on include greatly diversifying the tech",2018,"New York, New York"
Dream.org,https://dream.org/,,"At Dream.Org, we know that some of our greatest problems also contain some of our greatest opportunities. But we know we can’t make lasting change without a big, broad coalition. From ending mass incarceration, to stopping climate change, to creating new economic opportunities in overlooked communities, the only durable solutions are the ones that lots of people create together. Common ground is often found in uncommon places. We will work with anyone who is willing to be a part of the solution,",2014,"Oakland, California"
American Security Fund,http://www.americansecurityfund.com/,,"ASF advances American tech superiority by connecting industry, government, and ethics, encouraging them to collaborate to invest in AI security, safety, and alignment. It focuses on export controls, supply chains, lab security, CBRN, public-private partnerships, democratic tech alliances & partnerships, and child safety and ethics across the full tech stack, including AI, digital infrastructure, semiconductor “chips,” and energy & critical minerals.",2023,United States of America
Amplifier,https://amplifier.org/,,"Amplifier is a nonprofit design lab that builds art and media experiments to amplify the most important movements of our times. At Amplifier, the work we do building these symbols matters – but not as much as the work you do carrying them into the world.",2015,"Los Angeles, California"
Data-Pop Alliance,https://datapopalliance.org/,,"Data-Pop Alliance (DPA) is a non-profit “think-and-do-tank” created in 2013 by the Harvard Humanitarian Initiative, MIT Connection Science, and ODI that brings together researchers, practitioners, and activists from all over the world who want to “Change the World with Data” through 3 pillars of work: diagnosing local realities and human problems with data and AI; mobilizing capacities, communities, and ideas towards more data literate societies; and, ultimately, transforming the systems and pro",,Virtual
Engage Media,https://engagemedia.org/,,"Established in 2005, EngageMedia is a regional human rights collective with a distributed team in eight countries across Asia-Pacific dedicated to advocating digital rights and championing open technology in the region. We combine capacity building, knowledge sharing, tech enablement, community development, and digital storytelling to support civil society organisers, grassroots activists, independent journalists, academics, lawyers, and other human rights defenders who are working towards the r",,"Melbourne, Australia"
Blockchain Foundation,https://theblockfound.com/,,"Blockchain Foundation, a 501c3 organization, is leading an industry-wide blockchain & cryptocurrency education movement. It will include a digital library of trusted content from reputable crypto enterprises and a six city roadshow to collaborate with local organizations.",2018,"Washington, D.C."
Electronic Privacy Information Center,https://epic.org/,,"EPIC was founded in 1994 to protect privacy, freedom of expression, and democratic values in the information age. EPIC has distinguished itself as a leader in the field by litigating cases on emerging privacy issues, obtaining and publishing records to lift the veil on government data collection, advocating for comprehensive data protection regulations, educating the public about emerging privacy issues, and facilitating dialogue between advocates, experts, and decisionmakers.",1994,United States of America
Block Party,http://www.blockpartyapp.com/,,"Block Party is on a mission to make the internet safer for everyone. We help people protect their online presence from being weaponized against them in social engineering attacks, harassment campaigns, and fraud through a browser plug-in that identifies and remediates first-party data overexposures across 11+ platforms, including Facebook, LinkedIn, and X/Twitter. Our secure, privacy-preserving extension helps users deep clean their social media accounts, notifications, settings, and more in ju",2018,"California, United States of America"
Digital Democracy,https://www.digital-democracy.org/,,"Digital Democracy’s mission is to empower marginalized communities to use technology to defend their rights and fight climate change. As technology becomes cheaper and more accessible, we believe it can and should be used to bring more voices to the table. Digital Democracy helps our partners achieve transformative change and works toward a world where all people can participate in decisions that govern their lives.",2008,"Oakland, California"
Ethical AI Alliance,http://www.ethicalaialliance.org/,,"The Ethical AI Alliance is an interdisciplinary, grassroots movement building global accountability for artificial intelligence. We bring together researchers, technologists, activists, and artists from the Global South and beyond to map AI harms, co-create ethical standards, and design governance frameworks rooted in justice, transparency, and collective responsibility.",2024,"Malaga, Spain"
DoSomething,https://www.dosomething.org/us,,"DoSomething is a 30-year leading hub for youth-centered activism, with over 1 million active members, activating over 8 million young people in every U.S area code and 189 countries. We fuel young people to change the world. Transforming civically curious young people into civically committed leaders, our campaigns and programs educate and equip young people (13 to 25) to build solutions to the issues that matter most to them. Leveraging technology, youth culture and creative peer-to-peer engage",1993,"New York, New York"
Democracy4all,http://www.democracy4all.barcelona/,,"Democracy4All (D4A) is an annual conference in Barcelona dedicated to advancing digital governance. The event explores how blockchain, web3, and AI can enhance transparency, efficiency, and citizen engagement in democratic processes. Each year, D4A brings together global experts, policymakers, industry leaders, and innovators to share insights, discuss challenges, and propose solutions for the future of governance. The conference features keynote speeches, panel discussions, interactive workshop",,Spain
Center for Humane Technology,https://www.humanetech.com/,,"The Center for Humane Technology works to catalyze a humane future. We reframe the insidious effects of persuasive technology, expose the runaway systems beneath, and deepen the capacity of global decision-makers and everyday leaders to take wise action.",2018,"San Francisco, California"
Bellingcat,http://bellingcat.com/,,"Bellingcat is an independent international collective of researchers, investigators and citizen journalists using open source and social media investigation to probe a variety of subjects – from Mexican drug lords and crimes against humanity, to tracking the use of chemical weapons and conflicts worldwide. With staff and contributors in more than 20 countries around the world, we operate in a unique field where advanced technology, forensic research, journalism, investigations, transparency and",2014,"Amsterdam, Netherlands"
betaworks,https://www.betaworks.com/,,"betaworks Invests, accelerates, and builds emerging technology companies.",2008,"New York, New York"
House of Electronic Arts,https://www.hek.ch/,,"HEK (House of Electronic Arts) in Basel is dedicated to digital culture and the new art forms of the Information Age. Since 2011, the institution has been central to the creative and critical discourse on the aesthetic, socio-political and economic effects of media technologies. As a platform for contemporary art that explores and employs new technologies, HEK promotes aesthetic practices related to information technologies. This not only enables a better comprehension of the changing world we l",2011,"Muenchenstein, Switzerland"
Global Partnership for Sustainable Development Data,https://www.data4sdgs.org/,,"A global network using data to achieve the Sustainable Development Goals—improving lives, fighting inequality, and promoting environmental sustainability. We leverage the power of data to change minds, policies, and lives for the better. Our aim is to ensure that data can be put to good use to achieve the Sustainable Development Goals. We work across 35+ countries and convene a network based in 80+ countries.",2015,"New York, New York"
Hopelab,http://hopelab.org/,,"Hopelab is a social innovation lab and impact investor at the intersection of tech and youth mental health. As the team builds on our 20-year commitment to co-creating with young people, we work collaboratively with partners to help remove systemic barriers to youth mental health and emotional well-being. Through targeted social impact investments, hands-on design and research support for digital innovation, and translational science partnerships, Hopelab is helping to shape a future where young",2001,"San Francisco, California"
Global Solutions Initiative,https://www.global-solutions-initiative.org/,,"Global Solutions Initiative was founded in 2017 by President Dennis J. Snower during the German G20 Presidency. Our work is rooted in independent research. We bring think tanks together to provide the intellectual basis of the Think20 process and inform high-level discussions at the G20, G7, and other global governance forums. As a Berlin-based independent, non-profit organization, we annually convene the Global Solutions Summit, which serves as a stepping stone to the G20 and G7 Summits. Our ne",2017,"Berlin, Germany"
Goodly Labs,https://www.goodlylabs.org/,,"Goodly Labs is a nonprofit organization leading research and development of prosocial technologies that develop public capacity to understand and improve society. Goodly's ready-to-scale projects empower responsible citizens to address vital democratic concerns, including misinformation, police and protester interactions, the oversight of elected officials, and deliberation/governance. Future projects will also produce tools for improving social life offline and scaffolding better interpersonal",2014,"Berkeley, California"
Gray Area,https://grayarea.org/,,"Gray Area is a technically-literate cultural hub catalyzing creative action for social transformation. Our mission is to cultivate, sustain, and amplify a community of artists who apply antidisciplinary practice — integrating art, technology, science, and the humanities — towards engaging with the complex challenges facing our world. Through Cultural Events, Antidisciplinary Education, and Creative Research and Development we maintain a platform that enables artists of diverse backgrounds and pe",2008,"San Francisco, California"
Human Change,https://humanchange.com/,,"Human Change is a global advocacy campaign that strives to reshape the global narrative on children’s mental health by spotlighting the impact of social media and digital devices on children’s healthy development. We are only just beginning to see the broad implications of the digital pandemic in our society: negative impacts to mental and physical health, increased divisiveness, weakened social connectivity, performance issues within the Gen Z and Gen Alpha workforce and a loss of critical life",2024,"London, United Kingdom"
Hello Humanity,https://hellohumanity.com/,,"HelloHumanity's vision is to birth a life-affirming future by cultivating the ethical, leadership, and profoundly human skills essential for a new paradigm of eco-civilizational flourishing alongside AI.",,"New York, New York"
GETTING-Plurality Research Network,https://gettingplurality.org/,,"Governance of Emerging Technology and Tech Innovations for Next-Gen Governance (GETTING-Plurality) seeks to advance understanding of how to shape, guide, govern, and deploy technological development in support of democracy, collective intelligence, and other public goods. Our focus is on how to do so, given the plural nature of human intelligence. We pursue foundational analysis and theory, field-building, and policy development to foresee and mitigate potential harms to democracy and to strengt",,"Cambridge, Massachusetts"
History Communication Institute,https://historycommunication.com/,,"The History Communication Institute (HCI) promotes the effective and ethical communication of history through new media and new technologies–and seeks to improve how social media and the Web treat information about the past. Through trainings, programming, resources and funding, we’re creating a diverse community of stakeholders focused on improving the overall landscape for history content online and building the future of teaching and communicating historical information more broadly.",2022,"Washington, D.C."
Heat Initiative,http://heatinitiative.org/,,The Heat Initiative is a collective effort of concerned child safety experts and advocates encouraging leading technology companies to detect and eradicate child sexual abuse images and videos on their platforms.,,"Los Angeles, California"
Global Disinformation Index,https://www.disinformationindex.org/,,"GDI provides independent, neutral and transparent data and intelligence to advise policymakers and business leaders about how to combat disinformation and its creators. GDI uses both human and artificial intelligence to assess disinformation risk across the open web. We then provide these risk ratings to brands and advertising technology partners, providing them with a trusted and neutral source of data with which to direct their advertising spend.",,"Sutton Coldfield, United Kingdom"
Heartland Forward,https://heartlandforward.org/,,"Heartland Forward, an institute for economic renewal, is a nonpartisan, nonprofit “think and do tank” focused on improving economic performance in the center of the United States.",2020,"Bentonville, Arkansas"
GliaNet Alliance,https://www.glianetalliance.org/,,GliaNet Alliance is a coalition of private sector companies and aligned organizations committed to building a new trust-based Web ecosystem. We reject extractive digital models and champion a governance approach rooted in fiduciary principles and human-centered innovation.,2024,"Emerald Hills, California"
Imperative 21,https://www.inclusivecapitalism.com/organization/imperative-21/,,"Imperative 21 is a business-led network that believes the imperative of the 21st century is to RESET our economic system so that its purpose is to create shared well being on a healthy planet. Network steward organizations include B Lab, The B Team, Chief Executives for Corporate Purpose (CECP), Common Future, Conscious Capitalism, Inc., Global Impact Investing Network (GIIN), JUST Capital, and Participant.",2020,"New York, New York"
Independent Sector,https://independentsector.org/,,"Independent Sector is the only national membership organization that brings together a diverse community of changemakers at nonprofits, foundations, and corporate giving programs working to strengthen civil society and ensure all people in the United States thrive.",1976,"Washington, D.C."
La Plateforme,https://laplateforme.io/en/entreprise/,,"La Plateforme is a school of digital and new technologies co-founded with the Club Top 20 bringing together the major companies of the Aix Marseille metropolis. It includes a diversified training offer designed to train coders and web developers, security experts, engineers specialized in Artificial Intelligence, and company executives through continuing education cycles.",2019,France
Keranaut,http://www.keranaut.com/,,"Keranaut is a group of experts in organizational adaptation, crisis planning, and forecasting, who believe humanity is not ready for the scale of disruption AI will bring to society in the next 3-10 years.",2025,"Bay Village, Ohio"
Less Than Three,http://lessthan3sc.org/,,"The Less Than 3 Foundation is a non-profit organization fiercely committed to combating the teenage suicide crisis and promoting holistic mental wellness. We achieve this by addressing the five critical factors impacting youth mental health: raising awareness and advocating for stringent online safety for minors, providing resources to build mental fortitude and self-acceptance, encouraging physical activity and unplugging from technology, promoting a drug-free lifestyle for minors.",2023,"Rock Hill, South Carolina"
Institute for Security and Technology,https://securityandtechnology.org/,,"As new technologies present humanity with unprecedented capabilities, they can also pose unimagined risks to global security. The Institute for Security and Technology’s (IST) mission is to bridge gaps between technology and policy leaders to help solve these emerging security problems together.",2015,"California, United States of America"
Institute of Technology and Society,https://itsrio.org/,,"Through its own research and in partnership with other institutions, ITS Rio analyzes the legal, social, economic and cultural dimensions of technology and advocates for public policies and private practices that protect privacy, freedom of expression and access to knowledge. The Institute also offers innovative methods of education, training and opportunities for individuals and institutions, enabling them to understand the promises and challenges of new technologies. Finally, ITS Rio aims at s",2013,"Rio de Janeiro, Brazil"
Internet Archive,https://archive.org/,,"The Internet Archive is building a digital library of web pages, books, software and other cultural artifacts in digital form. Like a physical library, it provides free access to researchers, historians, scholars, the print disabled, and the general public. Its mission is to provide Universal Access to All Knowledge.",1996,"San Francisco, California"
Humane Intelligence,https://humane-intelligence.org/,,"Humane Intelligence is a 501(c)(3) nonprofit dedicated to breaking down barriers to AI deployment for social good. We collaboratively design and run rigorous evaluations that make AI systems more accountable, responsible, and fair. Our mission is to empower people and organizations that represent or have lived experience in a given problem space, through our technical AI evaluation design, our convening events, and our red teaming web application.",2023,"Katy, Texas"
Issue One,https://issueone.org/,,"We unite Republicans, Democrats, and independents in the movement to fix our broken political system and build an inclusive democracy that works for everyone. We educate the public and work to pass legislation on Capitol Hill to bolster U.S. elections, strengthen ethics and accountability, increase government transparency, and reduce the corrosive influence of big money in politics.",2012,"Washington, D.C."
Inclusive Design Institute,https://www.theidi.org/,,IDI’s mission is to unlock unprecedented economic opportunities and foster a more equitable society through intentional inclusion of historically underestimated communities.,,"Las Vegas, Nevada"
Integrity Institute,https://integrityinstitute.org/,,"The Integrity Institute is a member-powered think tank that advances the theory and practice of protecting the social internet. Our members are professionals who have direct integrity work experience at social platform companies. Our goals are to help companies do integrity work better, to help the world understand integrity work better, and to promote integrity professionals so they would have more power and influence. We accomplish these goals by building the community of integrity professiona",,"Beltsville, Maryland"
Identity Valley,http://identityvalley.org/,,"Identity Valley calls for more Digital Responsibility. As a non-profit organisation, we engage thought leaders and decision-makers in academia, policy and industry to promote a value-based future for the digital world through networking, advocacy and communication. We advocate for a data economy based on trust, privacy, and personal identity, derived from the humanistic tradition of Europe. We see ourselves as a central point of contact for value-based digital transformation and work towards set",2019,"Unkel, Germany"
Human Identity Infrastructure Foundation,https://www.hiifoundation.org/,,"hii Foundation is a nonprofit open-source project to build an identity system for the world that protects our privacy, eliminates identity fraud, and separates humans from machines.",2023,"Delaware, United States of America"
Make.org,https://make.org/EN,,"Make.org is an independent organization dedicated to driving positive societal transformation and democratic innovation. We create massive engagement and diversified participation by leveraging cutting-edge AI technology. We empower public institutions, businesses, and researchers to involve citizens, employees, and stakeholders in co-creating solutions to today’s most pressing challenges.",2016,"Paris, France"
Mtoto News,http://www.mtotonews.com/,,"Mtoto News International (Mtoto News) is a child and adolescents-centered digital and media company that is leveraging technology to build movements and connect children and young people to policy and decision-makers across the globe. We aim to make significant changes in the lives of children by making them visible in political, corporate, economic, social and development discourse. We are therefore using the influence of technology to reach and connect policymakers, project implementers, media",2017,"Nairobi, Kenya"
Metagov,https://metagov.org/,,"The Metagovernance Project is an interdisciplinary research collective. We build standards and infrastructure for digital self-governance. Our work is generously supported by the Henry Luce Foundation, One Project, the Grant for the Web, Gitcoin grants, the Filecoin Foundation, the Ethereum Foundation, the EPSRC / University of Oxford, GnosisDAO, Aragon, Radicle, Metacartel Ventures, NEAR, and the Stanford Digital Civil Society Lab. Our finances are hosted publicly on Open Collective.",2020,"Pittsburgh, Pennsylvania"
Made Company,https://madewithblackculture.com/,,A mission driven tech company certifying the ethical trade of Black Culture.,,"Los Angeles, California"
Life With Machines,https://www.lifewithmachines.media/,,"A media company founded by Baratunde Thurston dedicated to figuring out together how humans want to live in a world increasingly filled with AI. We’re told the future is about efficiency, productivity, and autonomy, and that we need to get on board or be left behind. Across an award-winning podcast, YouTube channel, Substack newsletter, and social media, Life With Machines exists to question that story and offer a better alternative. We want to live well with technology, not just endure it.",2024,"Palm Springs, California"
MAPLE,http://www.mapletestimony.org/,,"MAPLE (Massachusetts Platform for Legislative Enablement) is a digital public platform designed to bridge the gap between constituents, local organizations, and legislators. Originally incubated at the NuLawLab, MAPLE is now a key initiative of Partners in Democracy, a nonprofit founded by Harvard Professor Danielle Allen.  MAPLE is 100% free, open source, and volunteer-driven, ensuring it remains accessible and publicly accountable.",2023,"Portland, Maine"
More in Common,https://www.moreincommon.com/,,More in Common’s mission is to build a more united and inclusive America that is resilient to the profound threats posed by our country’s polarization.,2017,"London, United Kingdom"
MIT Center for Constructive Communication,http://www.ccc.mit.edu/,,"Designing tools, methods and systems that connect rather than divide us to create a healthier society.",1861,"Cambridge, Massachusetts"
LOG OFF,http://logoffmovement.org/,,"LOG OFF is a youth-led movement working to empower young people to rethink social media and its impact on society. Through its advocacy campaigns and chapter program, LOG OFF seeks to provide a critical perspective on social media by empowering the underrepresented and overlooked experts in the field– Generation Z.",2020,"Washington, D.C."
MyData Global,https://mydata.org/,,"We help people and organisations to benefit from personal data in a human-centric way. To create a fair, sustainable, and prosperous digital society for all. We open space for practical collaboration through events and working groups. We make sense of rapid changes in the data environment. We contribute to the emerging infrastructure of data spaces and intermediaries. We help set the agenda for policymakers and changemakers. We promote solutions and services that put people first.",2016,"Helsinki, Finland"
Life Calling,https://life-calling.org/,,"We awaken the public’s consciousness to the connection opportunity within our reach. Life Calling’s core initiatives are designed to spark creativity and inspire human connection—enabling a world where heart, agency, purpose and imagination guide our future.",2021,"New York, New York"
Mothers Against Media Addiction,http://wearemama.org/,,MAMA is a grassroots movement of parents fighting back against media addiction and creating a world in which real-life experiences and interactions remain at the heart of a healthy childhood.,,"New York, New York"
Mass General Brigham,https://www.massgeneralbrigham.org/,,"MGB includes Massachusetts General Hospital and Brigham & Women’s Hospital. Our priority is the well-being of our patients. We have the largest hospital based research program in the U.S. Our Neuroscience Institute was created in 2025 to lead innovation in the treatment of brain diseases, transforming lives through exceptional care, research, and education. We will harness the power of new and emerging technologies to make this bold vision a reality.",1811,"Boston, Massachusetts"
LUMA Arles,http://luma-arles.org/,,"LUMA Arles is an 11-hectare interdisciplinary creative campus founded by Maja Hoffmann in France’s Provence region. Fully open to the public since the June 2021 inauguration of the LUMA Tower and park, it is a place where thinkers including artists, scientists, and researchers explore the relationships between art, culture, the environment, and human rights. LUMA Arles is located on the site of a former national railway complex reimagined into art spaces with Frank Gehry, Annabelle Selldorf and",2014,"Arles, France"
Our Common Purpose,https://www.amacad.org/ourcommonpurpose,,"The Academy is both an honorary society that recognizes and celebrates the excellence of its members and an independent research center convening leaders from across disciplines, professions, and perspectives to address significant challenges. The American Academy was founded in 1780, during the American Revolution, by John Adams, John Hancock, and 60 other scholar-patriots who understood that a new republic would require institutions able to gather knowledge and advance learning in service to t",1780,"Cambridge, Massachusetts"
No App for Life,https://www.noappforlife.com/,,"No App For Life is dedicated to providing tangible solutions to: Repair the fallout of digital socialization, restore the value of authentic human interactions, and prevent the harmful policies that continue to go unchecked.  It’s not enough to just be aware of the stats, it’s time to address the issues that negatively shaped a population.",2013,"Boston, Massachusetts"
Omidyar Network,https://omidyar.com/,,"Omidyar Network is a social change venture that works to bring about structural changes that will fundamentally shift the systems that govern our daily lives. Established by philanthropists Pam and Pierre Omidyar, Omidyar Network reimagines critical systems, and the ideas that govern them, to build more inclusive and equitable societies—for the benefit of the many, not just the few. Omidyar Network partners with funders, advocates, innovators, businesses, scholars, and others to advance respo",2004,"Redwood City, California"
NewsGuard,https://www.newsguardtech.com/,,"NewsGuard provides transparent tools to counter misinformation for readers, brands, and democracies. Since launching in 2018, its global staff of trained journalists and information specialists has collected, updated, and deployed more than 6.9 million data points on more than 35,000 news and information sources, and cataloged and tracked all of the top false narratives spreading online.",2018,"New York, New York"
New_Public,https://newpublic.org/,,"New_ Public is an incubator for flourishing digital public spaces. We bring together thinkers, builders, designers and technologists to meet, share inspiration, and make better digital public spaces. It’s a newsletter, magazine, and community wrapped together.",2019,"New York, New York"
Nehitek Foundation,https://www.nehitek.com/,,"Focused on extending financial inclusion via Open Finance and Productive Credit. Transformation through Digital Public Infrastructure (DPI), with a focus on extending financial inclusion via Open Finance and productive credit systems. This DPI initiative will create people centered, interoperable digital systems for identity, payments, and data sharing, enabling secure and inclusive access to services while supporting sustainable development goals.",2025,"Rockville, Maryland"
NewImpact.care,http://www.newimpact.care/,,We are business model innovators that pioneer & promote a tri-sector mindset and approach; create and share impact and innovation public-good tools; advise and coach organizations to thrive and have impact by tri-sectorizing.,2018,"Seattle, Washington"
OpenMined,https://openmined.org/,,"OpenMined is a non-profit foundation creating open-source technology infrastructure that helps researchers and app builders get answers from data without needing a copy or direct access. Our community of technologists is building Syft: the public network for non-public information, and our online ecosystem of over 17,000 technologists, researchers, and industry professionals are keen to unlock 1000x more data in every scientific field and industry.",2017,"New York, New York"
National Conference on Citizenship,https://ncoc.org/,,"Founded in 1946 and chartered by Congress in 1953, the National Conference on Citizenship (NCoC) has strengthened America’s civic life by bringing together leaders, citizens, and organizations committed to the ideals of active citizenship. In line with the vision of that founding charter, NCoC serves as a central hub for America’s efforts to make citizenship more effective by developing a field that contributes to a “more active, alert, enlightened, conscientious, and progressive citizenry.",1946,United States of America
OpenArchive,https://open-archive.org/,,"OpenArchive exists at the intersection of human rights, technology, journalism, and archives that co-creates purpose-built decentralized mobile technologies for the social good. We equip people with privacy-first, free, open-source tools and education programs to securely verify, archive, and protect evidentiary media. Our flagship tool, Save (Secure, Archive, Verify, Encrypt), has helped 70,000 users worldwide securely encrypt and route media from mobile devices to trusted archives.",2015,"San Francisco, California"
New York University Information Law Institute,https://www.law.nyu.edu/centers/ili,,"The Information Law Institute (ILI) at New York University School of Law is an academic center for the study of the interaction of law and emerging information technologies. We cultivate deep, interdisciplinary, translational expertise that: combines scientific and normative rigor; considers information flows, complex systems, and institutional design; and serves the public interest. Our thoughtful research and commentary informs policy-making and the public.",2013,"New York, New York"
Open Collective Foundation,https://opencollective.com/,,"The Foundation's mission is to promote projects in the US with the following charitable purposes: increasing access to educational resources and training, creating a positive social impact and. developing tools to improve civic participation within cities or communities.",2015,"Walnut, California"
nu,http://www.getnu.ai/,,"Nu is a better ecosystem for content. We fix the incentive structure enabling people to discover high quality, credible content and reward the creators fairly for their work. Nu provides tools for people, publishers and platforms to thrive, with less outrage, disinformation and noise.",2025,"Los Angeles, California"
ParentsTogether Action,https://parentstogetheraction.org/,,"ParentsTogether Action is working to build a world where every child has the support and opportunities we all want for our own kids. We do that by taking action on issues that benefit families — like paid family leave, education, and holding social media companies accountable for the ways their products hurt kids.",,"Washington, D.C."
Positive Technology Institute,https://www.positivetechinstitute.org/,,"The Positive Technology Institute (PTI) is a new initiative that  breaks down silos and builds bridges between the ""thinkers"" (researchers in responsible, pro-social technology), the ""funders"" (value aligned capital), and the ""builders"" (innovators and startups) to promote the development of positive technologies - digital innovations that advance human sovereignty, well-being, and abundance. Our work focuses on actionable insights and tools, wisdom sharing, and community building.",2025,"Woodside, California"
People-Centered Internet,https://peoplecentered.net/,,"People-Centered Internet (PCI) is a leading nonprofit based in Palo Alto, dedicated to creating a more equitable digital world. We unite global experts to develop inclusive, efficient digital strategies that enhance community resilience and prosperity. Our initiatives promote innovative digital tools, empowering communities worldwide to thrive in a connected era. Founded by Vint Cerf and Mei Lin Fung, and currently chaired by Jascha Stein and Mei Lin Fung, PCI works on transformative efforts for",2015,"Palo Alto, California"
Partnership on AI,https://partnershiponai.org/,,"Bringing diverse voices together across global sectors, disciplines, and demographics so developments in AI advance positive outcomes for people and society.",,"San Francisco, California"
Public AI,https://publicai.co/,,Public AI is first of all an idea: that AI can and should be a form of public infrastructure. It is also a movement of many people and organizations working to make this vision happen. And it is a set of real products that you can use today.,2023,"Boston, Massachusetts"
PolicyLink,https://www.policylink.org/,,"To advance equity, PolicyLink advocates for groundbreaking policy changes that enable everyone, especially people of color, to be economically secure, live in healthy communities of opportunity, and benefit from a just society. PolicyLink is guided by the belief that the solutions to the nation’s challenges lie with those closest to these challenges: when the wisdom, voice, and experience of those traditionally absent from policymaking drive the process, profound policy transformations emerge.",1998,"Oakland, California"
Pivô,http://www.pivo.org.br/,,"Pivô is a non-profit art space providing a platform for exchange, critical thinking and artistic experimentation inside one of São Paulo’s most iconic modernist buildings, the Copan, projected by Oscar Niemeyer in the city’s central area. Since its inception, in 2012, the institution has enabled and facilitated projects by over two hundred artists and curators both local and international and in all career stages. Its program is comprised by temporary exhibitions, new commissions, residencies, p",2012,"Sao Paulo, Brazil"
Public Knowledge,http://www.publicknowledge.org/,,"We envision a creative and connected future for everyone. We believe in a world where all people can use the internet and technology to realize their full potential, create authentic communities, and hold the powerful accountable. Public Knowledge works at the intersection of copyright, telecommunications, and internet law, at a time when these fields are converging. Public Knowledge’s experience in all three areas puts it in an ideal position to advocate for policies that serve the public inter",2001,"Washington, D.C."
Social Web Foundation,https://socialwebfoundation.org/,,"We believe the growing Fediverse benefits users, businesses, and society. Our goals are: Growth: Expand the Fediverse to enhance online experiences and creativity. Health: Support free expression while allowing content control and filtering harmful material. Sustainability: Ensure long-term support for those maintaining Fediverse infrastructure. Multipolarity: Promote a decentralized ecosystem with diverse, non-dominating providers.",2024,"San Francisco, California"
Stanford University,http://stanford.edu/,,"Stanford is a place of discovery, creativity and innovation located in the San Francisco Bay Area on the ancestral land of the Muwekma Ohlone Tribe. Dedicated to our founding mission—benefitting society through research and education—we are working toward a sustainable future, accelerating the impact of research with external partners, catalyzing discoveries about ourselves and our world, and educating students as global citizens. Our main campus, which welcomed its first class in 1891, is now h",1885,"Stanford, California"
Sideways,http://www.sideways.earth/,,"At Sideways we build coherence among groups through shared experiences, stories and network infrastructure.",2022,"Preddvor, Slovenia"
RadicalxChange,https://www.radicalxchange.org/,,"RadicalxChange (RxC) is a global movement for next-generation political economies. We’re committed to advancing plurality, equality, community, and decentralization through upgrading democracy, markets, the data economy, the commons, and identity. Founded by economist Glen Weyl in 2018, the RadicalxChange Foundation is a 501(c)(3) nonprofit dedicated to advancing the RxC movement, to building community, and to education about democratic innovation. RxC connects people from all walks of life - ra",2018,"New York, New York"
ReThink,https://www.rethinkwords.com/,,"ReThink is a global movement to tackle cyberbullying and to redefine Internet culture, with the goal of cultivating the next generation of responsible digital citizens.",,"Elgin, Illinois"
Reset Tech,https://www.reset.tech/,,"Our mission at Reset Tech is to guard against digital threats to our security, safety, and fundamental rights. We seek to “reset” the connection between media and democracy to restore the promise of technology that works for people and free expression. We work to hold the biggest tech companies accountable to the values of democratic societies by promoting new ideas to change laws, industry standards, and consumer attitudes.",2019,"Washington, D.C."
Siegel Family Endowment,https://www.siegelendowment.org/,,"Siegel Family Endowment is a foundation that envisions a world in which all people have the tools, skills, and context necessary to engage meaningfully in a rapidly changing society. We operationalize that across three grantmaking interest areas: Learning, Workforce and Infrastructure. Founded in 2011 by David M. Siegel, co-founder and co-chairman of the financial sciences company Two Sigma, we believe that philanthropy is society’s risk capital – it can help drive innovation by investing in loc",2011,"New York, New York"
Search for Common Ground,https://www.sfcg.org/,,"We are the world’s largest peacebuilding organization. We help supposed enemies learn to trust each other, create avenues for collaboration, and generate breakthroughs for peace.",1982,"Washington, D.C."
reState Foundation,https://restate.global/,,reState is a Swiss non-profit foundation reimagining the future of governance and stewarding new civilisational realities.,2022,"Geneva, Switzerland"
Reporters Without Borders,https://rsf.org/en,,"Reporters Without Borders (RSF) is an international non-profit and non-governmental organization with the stated aim of safeguarding the right to freedom of information. RSF works on the ground in defense of individual journalists at risk and also at the highest levels of government and international forums to defend the right to freedom of expression and information. It provides daily briefings and press releases on threats to media freedom in French, English, Spanish, Portuguese, Arabic, Farsi",1985,"Washington, D.C."
Social Media Victims Law Center,https://socialmediavictims.org/,,"The Social Media Victims Law Center (SMVLC) is a Seattle-based law firm active in litigation, legislation, and education in the ongoing fight for tech corporate accountability. We represent thousands of children and families harmed by tech products.  And we approach our practice with creativity, innovation, and compassion.  We support and empower the families with which we work and strive to help them achieve justice and sustainable tech reform.",2021,"Seattle, Washington"
Sciences Po,http://medialab.sciencespo.fr/,,"Sciences Po's overarching mission is to educate future leaders in the public and private sectors. Curious and open-minded, Sciences Po graduates, regardless of their focus and trajectory, all share the ability to “learn how to learn”, which is one of the priorities of a Sciences Po education. However, their ambition extends even further: to educate open-minded and enlightened citizens capable of changing the world and transforming society.",1871,"Paris, France"
Reel Works Productions,https://www.reelworks.org/,,"Reel Works mentors, inspires and empowers underserved NYC youth to share their stories through filmmaking, creating a springboard to successful careers in media and beyond. Reel Works matches teens 1:1 with professional filmmaker mentors to tell their stories and have their voices heard.  It’s a powerful combination that changes young lives and creates films that have been seen by tens of millions of viewers worldwide.",2001,"New York, New York"
Seismic Foundation,http://www.seismic.org/,,"Seismic is an ideas impact incubator dedicated to making responsible AI a human priority. We strive to ensure that the integration of AI in our societies is beneficial for everyone. Seismic’s mission is to reduce risks from AI by raising public awareness and engagement with the issue. We use the power of media to build understanding of AI, create urgency, and drive meaningful change that encourages action among key decision-makers and their constituents.",2025,"Wilmington, Delaware"
The Dais,http://dais.ca/,,"The Dais is a public policy and leadership think tank at Toronto Metropolitan University. Our mandate is to develop the ideas and leaders Canada needs to become more innovative, prosperous, and inclusive. Our work focuses on three topic areas – innovation + tech, education + skills, and democracy + trust – and consists of policy research, leadership development, and convening activities.",2023,"Toronto, Canada"
Tech Justice Law Project,https://techjusticelaw.org/,,"Tech Justice Law Project is a pioneering strategic litigation and legal advocacy organization bringing justice to communities harmed by tech products. TJLP brings together legal experts, policy advocates, digital rights organizations, and technologists to ensure that our legal protections are fit for the digital age.",2023,"Washington, D.C."
The Future Society,https://thefuturesociety.org/,,"The Future Society (TFS) is an independent 501(c)(3) nonprofit organization based in the United States and Europe. Our mission is to align artificial intelligence through better governance. We develop, advocate for, and facilitate the implementation of AI governance mechanisms, ranging from laws and regulations to voluntary frameworks such as global principles, norms, standards, and corporate policies. As of 2023, we are focusing on the research and development of advanced AI systems, where robu",2014,"Boston, Massachusetts"
The Digital Credentials Consortium,https://digitalcredentials.mit.edu/,,"The DCC is a membership based global network of postsecondary higher education institutions working together to promote the adoption of W3C Verifiable Credentials. Open source software includes the Learner Credential Wallet mobile application for storing and sharing credentials, customizable issuer microservices, and VerifierPlus web application. We lead and contribute to deployments, research, and advocacy projects that leverage technology in service of equity and opportunity.",2018,"Cambridge, Massachusetts"
The Center for Arts & Innovation,https://thecenterforartsandinnovation.org/,,"We’re losing generations of creative potential; just as the world needs more imagination, not less. To rise to this challenge, we’re building The Center: a campus where creativity is discovered, practiced, and passed on. Where kids build creative confidence, the adults in their lives reconnect with its importance, and people of all ages, backgrounds, and industries gain the skills they need for the future.",2018,"Boca Raton, Florida"
The Kempe Foundation,http://www.kempe.org/,,"The Kempe Foundation believes that every child should have the opportunity to grow in a safe, healthy, and nurturing environment. We seek to achieve this belief through three primary activities.  First, by providing financial support to the professionals at the Kempe Center in their efforts to prevent childhood trauma and delivering programs and services for those who have been subjected to abuse and neglect.  Secondly, we engage in public policy and advocacy initiatives aimed at improving the w",1976,"Aurora, Colorado"
The Policy Circle,http://www.thepolicycircle.org/,,"The Policy Circle is a national nonpartisan nonprofit that informs, equips, and connects women to lead in their communities and influence policy rooted in personal and economic freedom. Through Briefs, Circle Conversations, our online Community, and CLER, we spark dialogue and build civic leadership skills. We’re growing a community of curious, solutions-oriented women ready to champion freedom-driven policies that strengthen communities.",2015,"Wilmette, Illinois"
Tech Matters,https://techmatters.org/,,"Tech Matters is one of the leading nonprofit tech for good organizations in the world, founded by a team with a long track record of working across many fields in the social sector. Our tech for good field-building work, as well as our open source software development projects in integrated landscape management, soil identification and assessment, and crisis response, are all focused on ensuring that the 90% of humanity typically neglected by the for-profit tech industry get the tech tools they",2018,"Palo Alto, California"
The Internet Foundation,,,"The Internet Foundation is an international NGO dedicated to establishing universal digital rights as a natural extension of human rights, while advancing the ethical use of data and enabling healthy and equitable, human-centered digital societies to emerge across the world. The foundation aims to achieve this purpose through i) policy and regulation advocacy, ii) ethical standards development and iii) technology innovation. It works with its technology partner metaMe Inc to develop solutions th",2012,"New York, New York"
The Anxious Generation,https://www.anxiousgeneration.com/,,"The Anxious Generation Movement (TAG) is a global public health campaign sparked by Jonathan Haidt’s bestselling book. Through coordinated action across policy, behavior, and culture, TAG brings together parents, educators, young people, and decision-makers to dismantle the phone-based childhood and restore healthy development rooted in play, independence, and real-world connection.",2024,"New York, New York"
TechSoup,http://techsoup.org/,,"TechSoup supports nonprofits, charities, and libraries by providing access to donations and discounts on software, hardware, and services from major brands.",1987,"San Francisco, California"
The Computational Democracy Project,https://compdemocracy.org/,,"The Computational Democracy Project was founded in 2018 as a non-profit continuation of Polis's open source work and the mission behind it. Primarily, the organization considers how what is possible in collective intelligence might advance over the course of the next century, given advancements in machine learning, and how we can enable those who seek to empower citizens to operationalize those advancements in policy-making processes. We believe democratic processes benefit when human voices ar",2019,"New York, New York"
The Christchurch Call Foundation,https://www.christchurchcall.org/,,"We are a non-governmental organisation which coordinates and supports the Christchurch Call’s mission of eliminating terrorist and violent extremist content online. The Call contains 25 commitments made by governments and online service providers to eliminate terrorist and extremist content online. New Zealand and France launched the Call on 15 May 2019 in response to the horrific terrorist attack in Christchurch that killed 51 people, produced for and livestreamed on the internet.",2019,"Wellington, New Zealand"
Starling Lab for Data Integrity,http://starlinglab.org/,,"Starling Lab was co-founded by the Stanford Department of Electrical Engineering and the USC Shoah Foundation to explore the future of data integrity and trust in digital records. We implement prototypes using applied cryptography that empower citizens and civil society to pursue accountability, preserve culture, and respect privacy through a framework to design for their authenticity. Our impact-oriented academic research focuses on the fields of journalism, law, and history.",,"Stanford, California"
The Same House,http://www.thesamehouse.org/,,Our mission is to advance economic mobility for all through social connection among all.,,"Atlanta, Georgia"
Trust Foundation,https://thetrustfoundation.org/,,"It will take a village to combat the widespread breakdown of trust within society—the trust apocalypse—a veritable wicked problem that defies easy solutions. At the Trust Foundation, we believe that a key element in catalyzing such large-scale change is forming an interconnected network of stakeholders (network-of-networks) who pool diverse perspectives, expertise, and resources, united by a shared higher purpose—or what we call a “catalytic community.”",2024,"Marco Island, Florida"
The Sustainable Media Center,https://sustainablemedia.center/,,"Young people deserve media that entertains and informs without undermining their health and emotional well-being. The Mission of the Sustainable Media Center is to examine, experiment, and deploy solutions that will give a new generation of media consumers and creators meaningful agency and ownership of their increasingly media-centric lives. The Sustainable Media Center is a 501c3 organization formed by a diverse and inclusive board of over 85 leaders in media, technology and academia who want",2022,"New York, New York"
User Cooperative,https://www.usercooperative.com/,,"We're a user-owned web browser startup that's uniquely structured as a free and open consumer cooperative, a member-owned and -governed company. That makes us the people's tech startup! We put tech power and profits into the people's hands! How? (1) We build our membership and raise voluntary contributions from our members to cover our startup costs (2) We develop, release, and profit from our web browser (3) We use that income to make other tech services and pay dividends to our members",2021,"Durango, Colorado"
The Strother School of Radical Attention,https://www.schoolofattention.org/,,"The Strother School of Radical Attention is a non-profit organization dedicated to ATTENTION ACTIVISM: the movement to pushback against the fracking of human attention by coercive digital technologies. We advance this mission through the STUDY and PRACTICE of radical attention, by which we mean those diverse forms of attention which resist commodification. We host seminar courses, experiential Attention Lab workshops, and other hybrid forms of teaching and learning.",2023,"Brooklyn, New York"
The Shed,https://theshed.org/,,"By minimizing social and economic barriers to entry The Shed makes a warm, welcoming space for innovation and unique artistic experiences. By offering access and insight into the creative process, The Shed forges deep bonds between artists and audiences. Driven by the belief that access to art is a right, and not a privilege, The Shed presents exciting, engaging experiences for our communities and our time.",2019,"New York, New York"
The Tech Oversight Project,http://www.techoversight.org/,,"The Tech Oversight Project is a nonprofit organization dedicated to reining in Big Tech for the damages they’ve caused by urging lawmakers to support comprehensive legislation on antitrust, online safety, privacy, and artificial intelligence.",2021,"Washington, D.C."
TRANSFER,http://transfer.art/,,"TRANSFER is an experimental media art space founded in 2013 to explore decentralized networks and virtual worlds in Contemporary Art. After a decade of international exhibitions and experiments in open culture infrastructure, we established the TRANSFER Data Trust, a decentralized artist-owned archive and cultural value exchange cooperative. The mission of the non-profit data trust is to maintain artworks in perpetuity, ensuring their preservation and access across generations.",,"New York, New York"
Thorn,http://thorn.org/,,"Thorn, an innovative technology nonprofit, creates products and programs to combat child sexual abuse at scale, empowering the platforms and people who have the ability to defend children.",2012,"Manhattan Beach, California"
Thomson Reuters Foundation,https://www.trust.org/,,"The Thomson Reuters Foundation is the corporate foundation of Thomson Reuters, the global news and information services company. As an independent charity, registered in the UK and the USA, it works to advance media freedom, foster more inclusive economies, and promote human rights. Through news, media development, free legal assistance and convening initiatives, it uses the combined power of journalism and the law to build global awareness of critical issues faced by humanity, inspire collectiv",1983,"London, United Kingdom"
UNESCO,http://unesco.org/,,"UNESCO is a United Nations specialized agency with 194 Member States across the globe, dedicated to strengthening our shared humanity through the promotion of education, science, culture, and communication. The organization sets standards, produce tools and develop knowledge to create solutions to some of the greatest challenges of our time, and foster a world of greater equality and peace.",1945,"Paris, France"
Transparency Coalition.ai,https://www.transparencycoalition.ai/,,"We advocate for our mission through two complementary entities: The Transparency Coalition, a 501(c)(3) Nonprofit Organization is dedicated to conducting research, developing content, and educating the public on the opportunities and risks associated with generative AI. The Transparency Coalition Action Fund, a 501(c)(4) Social Welfare Organization is specifically designed to engage in advocacy and lobbying activities to influence public policy and legislation related to generative AI.",2024,"Seattle, Washington"
The Signal,https://www.thesgnl.com/,,"Each week, the Signal tracks developments in the global challenge to democratic life by autocratic power; technological progress by algorithmic control; and human freedom and flourishing by all the complications of a fast changing world …",2021,"Washington, D.C."
The PopTech Institute,http://www.poptech.org/,,"PopTech is a global network committed to the vanguard of emerging technology, science, and creative expression. The organization stretches beyond passive idea-sharing, instead cultivating a culture defined by robust collaboration and action. Our network represents a diverse expertise pool that supports our work in a variety of ways. Members include",1996,"Camden, Maine"
Web3 World Society,https://www.w3ws.org/,,"The Web3 World Society is the think tank, research institute and digital policy consultancy for a fair, sustainable and human-centric future of the connected world. We want to promote the discourse in favor of a liberal economic and security policy in a digitally transformed, multipolar world order trough decentralized internet technology.",2024,"Munich, Germany"
UX for Good,https://www.uxforgood.org/,,"We aim to be the catalyst for impactful solutions to the world's most pressing issues, constantly pushing the boundaries of how design can create a more equitable, understanding, and humane society.",2011,"Chicago, Illinois"
Youth Media Foundation,https://www.youthmediafoundation.org/home,,"A 501(c)3 nonprofit committed to improving children’s access to the availability of fair, reliable, and objective educational media programming. With a focus on journalism, news, and current affairs, we seek to accomplish our objectives by supporting organizations that provide highly engaging, educational, non-bias, fact-based, and informative content for young audiences. Core goals: Awareness, Quality Content, Access & Digital Health. Our primary beneficiary is FirstStop News.",2025,"New York, New York"
Young People's Alliance,https://youngpeoplesalliance.org/,,Empower young people to shape their future through student led advocacy and organizing,,"Washington, D.C."
Video Volunteers,https://www.videovolunteers.org/,,"As perhaps the only organizations solely dedicated to community voice, we’re building a new field of thought and practice—exploring how to center marginalized voices at scale in an era of democratic backsliding and digital transformation. When community voices thrive, democracy strengthens.",2006,"New York, New York"
Vana Foundation,http://www.vana.org/,,"Vana is an open and decentralized network for data sovereignty, unlocking user-owned data as a new digital asset class.",2024,"George Town Grand, Cayman Islands"
ValuesCo,https://values.co/,,"ValuesCo is a decentralized, purpose-driven platform that connects brands, publishers, nonprofits, and creators with users through a gamified social network. It is designed to revolutionize marketing and social impact by engaging Gen Z and solving broken engagement channels. The network empowers users to drive meaningful action for brands and causes, while building relationships with the 2.4B Gen Z.",2021,"Nashville, Tennessee"
WeAre Infrastructure,http://www.vito.be/,,"VITO, one of Europe's leading research centers with 1,300 employees based in Belgium, turns scientific insights into groundbreaking technological innovations and policy advice. With our multidisciplinary approach and unique lab, scale-up, and testing infrastructure, we accelerate progress towards a regenerative circular economy, smart climate solutions for resilient and secure ecosystems and a healthy living environment harmonizing humans, industry, agriculture, and nature.",1991,"Mol, Belgium"
